Business_ID	Name	Time	Tweets	Retweet_Count	Fav_count
6	FirebrewBar	2015-01-21 12:01:45	Join us for Wine Wednesday - special discount on all wine bottle purchases (3pm-9pm). Ask your server for details.	0	0
6	FirebrewBar	2015-01-20 01:25:51	WOW! What a FANTASTIC Restaurant Week (RW)!  This years RW was 10 full days - celebrating VA Beachs 10th year... http://t.co/UJp75LYbUh	0	0
6	FirebrewBar	2015-01-19 21:06:56	Last day of Virginia Beach Restaurant Week Specials! Come in and enjoy our $20 menu! Here is some of our sides... http://t.co/o5648wFdMB	0	0
6	FirebrewBar	2015-01-19 12:01:40	Military, Police, Firefighters, &amp; EMT personnel receive 20% OFF their food (and non-alcoholic beverages) purchases M-F 11am-4pm.	0	0
6	FirebrewBar	2015-01-17 03:26:55	Thanks Thornhill family for dining with us tonight, and thank you Emma Dae for taking time to write us a thank... http://t.co/W70XKNKJH0	0	0
6	FirebrewBar	2015-01-15 20:59:00	This week feature wines is our The White Knight Pinot Grigio (CA), this is a dry - medium bodied wine, with... http://t.co/prOE7wODwk	0	0
6	FirebrewBar	2015-01-14 12:01:27	Join us for Wine Wednesday - special discount on all wine bottle purchases (3pm-9pm). Ask your server for details.	0	0
6	FirebrewBar	2015-01-13 22:41:28	Virginia Beachs Restaurant Week is upon us (Jan 10-19th). Great time to check out some great $10 (two course)... http://t.co/9ndI9JLN4o	0	0
6	FirebrewBar	2015-01-13 22:39:27	Virginia Beachs Restaurant Week is upon us (Jan 10-19th).  Great time to check out some great $10 (two course)... http://t.co/VenyE9KSgu	1	1
6	FirebrewBar	2015-01-12 12:01:22	Military, Police, Firefighters, &amp; EMT personnel receive 20% OFF their food (and non-alcoholic beverages) purchases M-F 11am-4pm.	0	0
6	FirebrewBar	2015-01-07 12:04:59	Join us for Wine Wednesday - special discount on all wine bottle purchases (3pm-9pm). Ask your server for details.	1	0
6	FirebrewBar	2015-01-05 20:49:54	FIREBREW Fans:  It is almost time again for Virginia Beachs Restaurant Week (January 10th - 19th).  We have some... http://t.co/fRDAsZXlXD	0	0
6	FirebrewBar	2015-01-05 12:04:54	Military, Police, Firefighters, &amp; EMT personnel receive 20% OFF their food (and non-alcoholic beverages) purchases M-F 11am-4pm.	0	0
6	FirebrewBar	2015-01-03 16:05:59	Have you tried any of our new wines? Ill be posting 2 every few days.  Here are a few to think about next time... http://t.co/zw6PP3zXTp	0	0
6	FirebrewBar	2015-01-01 21:12:57	Thanks to all our loyal guest, who come in and support your favorite local restaurant! Here is to an exciting... http://t.co/DoKOpS8IO4	0	0
6	FirebrewBar	2014-12-31 04:45:52	Our New Years Eve dinner reservations are fully booked.  However, we have limited seating available for... http://t.co/LAMeQTAM8U	0	0
6	FirebrewBar	2014-12-24 13:05:59	Merry Christmas and Happy Holidays!  We are open 11am - 8pm today (Christmas Eve), Closed tomorrow (Christmas... http://t.co/fHVWiMEaY2	0	0
6	FirebrewBar	2014-12-24 12:04:21	Join us for Wine Wednesday - special discount on all wine bottle purchases (3pm-9pm). Ask your server for details.	0	0
6	FirebrewBar	2014-12-22 12:04:14	Military, Police, Firefighters, &amp; EMT personnel receive 20% OFF their food (and non-alcoholic beverages) purchases M-F 11am-4pm.	1	0
6	FirebrewBar	2014-12-21 04:28:47	FIREBREW Fans:Check out our special New Years Eve menu.  Please note we will be only serving from this special... http://t.co/zRTXQGYS2O	0	0
6	FirebrewBar	2014-12-19 23:24:13	Just a heads up.... Here are our holiday hours. Christmas Eve -- 11am - 8pmChristmas Day -- ClosedNew Years... http://t.co/QLJT2N4npH	0	0
6	FirebrewBar	2014-12-19 16:16:40	If you need any last minute gifts FIREBREW has gift cards! Every $25 you buy in gift cards youll get $5 FIREBREW... http://t.co/ZUPeaGCf9G	0	0
6	FirebrewBar	2014-12-19 15:28:26	Its Friday! Get in before 3 and enjoy a Six Cheese Pizza ($6.99) or Cheddar Jack Ale Burger ($7.99) lunch... http://t.co/I9fXHNc4N7	0	0
6	FirebrewBar	2014-12-15 19:39:34	We would like to thank all our guests who dined with us last night for our first Food, Wine, and Craft Beer... http://t.co/t5ctGSxlOY	0	0
6	FirebrewBar	2014-12-10 17:25:35	Here are some items you might be seeing this weekend if you plan on joining Sunday nights tasting event! Look at... http://t.co/tw6YgqOLOr	0	0
6	FirebrewBar	2014-12-10 12:03:45	Join us for Wine Wednesday - special discount on all wine bottle purchases (3pm-9pm). Ask your server for details.	0	0
6	FirebrewBar	2014-12-09 21:32:30	Join us for our Food, Wine, &amp; Craft Beer Tasting Event this Sunday from 7pm - 10pm.  $25 per person (21 and up).... http://t.co/VefEz2tpuM	1	0
6	FirebrewBar	2014-12-09 21:29:34	Join us for our Food, Wine &amp; Craft BVeer Tasting Event.  This Sunday from 7pm-10pm.  RSVP requiore	0	0
6	FirebrewBar	2014-12-08 12:03:39	Military, Police, Firefighters, &amp; EMT personnel receive 20% OFF their food (and non-alcoholic beverages) purchases M-F 11am-4pm.	0	0
6	FirebrewBar	2014-12-07 02:54:22	Its holiday season! Our employees deserve a night off. After all, they work hard all year long providing... http://t.co/dFN0T0lQob	0	0
6	FirebrewBar	2014-11-29 16:20:57	Soup of the Day! Seafood Chowder! Mahi, Salmon and Shrimp with celery, carrots red and green peppers. A touch of... http://t.co/hpXZL9KEfl	0	0
6	FirebrewBar	2014-11-28 15:51:49	Hungry after Shopping on Black Friday?  Enjoy a relaxing lunch at FIREBREW Bar &amp; Grill today.  Looking for a... http://t.co/Dt6QtVfl0V	0	0
6	FirebrewBar	2014-11-26 18:01:06	Happy Thanksgiving to all our loyal FIREBREW Bar &amp; Grill fans.  Sue and I would like to wish everyone a happy and... http://t.co/gzln5UYVSp	0	0
6	FirebrewBar	2014-11-26 12:03:10	Join us for Wine Wednesday - special discount on all wine bottle purchases (3pm-9pm). Ask your server for details.	0	0
6	FirebrewBar	2014-11-24 12:02:56	Military, Police, Firefighters, &amp; EMT personnel receive 20% OFF their food (and non-alcoholic beverages) purchases M-F 11am-4pm.	0	0
6	FirebrewBar	2014-11-21 14:46:05	Just added Blue Mountain Lights Out on tap. http://t.co/8wjw4WkWDq	0	0
6	FirebrewBar	2014-11-21 14:45:09	Just added Heritage Kings Mountain on tap. http://t.co/Nrzyoc2uu5	0	0
6	FirebrewBar	2014-11-21 14:45:09	Just added Smartmouth Cowcatcher Milk Stout on tap. http://t.co/HHio4FuvTX	0	0
6	FirebrewBar	2014-11-21 14:45:09	Just added Hardywood Great Return on tap. http://t.co/xik8cnbC4G	0	0
6	FirebrewBar	2014-11-21 14:45:06	Just added Foothills Hoppyum IPA on tap. http://t.co/wovx5YF2M1	0	0
6	FirebrewBar	2014-11-21 14:45:05	Just added Sam Adams Winter Lager on tap. http://t.co/YGZlpj1XE0	0	0
6	FirebrewBar	2014-11-21 14:40:13	Just added Williamsburg AleWerks Coffeehouse Stout on tap. http://t.co/pf0cnA0xuj	0	0
6	FirebrewBar	2014-11-19 22:33:06	Come on in for your favorite night of the week at FIREBREW! Get those bottles before they are gone! As always you... http://t.co/lJpC98bKXv	0	0
6	FirebrewBar	2014-11-19 12:02:43	Join us for Wine Wednesday - special discount on all wine bottle purchases (3pm-9pm). Ask your server for details.	0	0
6	FirebrewBar	2014-11-18 21:30:01	That time of year again, chaning things up! New wines to hit our machines soon, look for new ones after... http://t.co/B9kXpROWaa	0	0
6	FirebrewBar	2014-11-15 20:40:27	Whats cookin? Prime Rib!! Come on in and enjoy today and grab a pint of our new winter brews like Smartmouths... http://t.co/6KrzLiTl91	0	0
6	FirebrewBar	2014-11-13 19:50:55	Its Thirsty Thursday at FIREBREW, come in and enjoy a draft beer today! Final days for some of the beers on... http://t.co/EO0JsDluvv	0	0
6	FirebrewBar	2014-11-12 22:11:13	Its wine Wednesday! Come in a grab your favorite FIREBREW wines before we change them up next weekend!... http://t.co/VyjVDSPPxo	0	0
6	FirebrewBar	2014-11-10 12:02:20	Military, Police, Firefighters, &amp; EMT personnel receive 20% OFF their food (and non-alcoholic beverages) purchases M-F 11am-4pm.	0	0
6	FirebrewBar	2014-11-08 21:32:16	Come in an enjoy a nice smooth Milk Stout tonight.  New on draft is Smartmouths Cowcatcher! We also have Left... http://t.co/9RvtziIon1	0	0
6	FirebrewBar	2014-11-05 20:50:28	Its Wine Wednesday! Come on in a grab yourself some dinner and a bottle, if you dont finish it you can always... http://t.co/wgnzZ13xbf	0	0
6	FirebrewBar	2014-11-05 12:02:08	Join us for Wine Wednesday - special discount on all wine bottle purchases (3pm-9pm). Ask your server for details.	0	0
6	FirebrewBar	2014-11-01 20:23:57	Tis the season for an Orchard on Fire! #fireball #angryorchard #winteriscoming #coldweather http://t.co/nqX3CtDuD7	0	0
6	FirebrewBar	2014-10-30 20:07:34	Start your weekend tonight with Thirsty Thursday at Firebrew! Come in and enjoy our craft draft beers.  While... http://t.co/O7BbaX99Rd	0	0
6	FirebrewBar	2014-10-27 11:01:19	Military, Police, Firefighters, &amp; EMT personnel receive 20% OFF their food (and non-alcoholic beverages) purchases M-F 11am-4pm.	0	0
6	FirebrewBar	2014-10-25 19:43:21	Come check out our seasonal menu! Here for a limited time! http://t.co/pFIeR69vWf	0	0
6	FirebrewBar	2014-10-22 22:10:12	Its wine night! Come on in and grab your favorite FIREBREW wines! #halfprice #wine http://t.co/QEvJt85CsK	0	0
6	FirebrewBar	2014-10-21 21:57:57	Are you craving a delicious margarita? Come in and join us for Tres Agaves night! Jenny will be slinging them... http://t.co/3lZX9Nmeje	0	0
6	FirebrewBar	2014-10-15 11:04:54	Join us for Wine Wednesday - special discount on all wine bottle purchases (3pm-9pm). Ask your server for details.	0	0
6	FirebrewBar	2014-10-09 16:21:00	If you are a Firebrew Fan you know today is Thirsty Thursday! Come on in a match a pint up with our Harvest Fall... http://t.co/gdqpfNWKLA	0	0
6	FirebrewBar	2014-10-06 11:04:29	Military, Police, Firefighters, &amp; EMT personnel receive 20% OFF their food (and non-alcoholic beverages) purchases M-F 11am-4pm.	0	0
6	FirebrewBar	2014-10-04 20:01:15	Have you tried our homemade meatballs? Come In and grab an appetizer of meatballs!! #supportlocal #meatballs	0	0
6	FirebrewBar	2014-10-02 18:23:04	Get out to FIREBREW and grab yourself a pint tonight! All beer list are updated and ready for your consumption.... http://t.co/iLC5yPokFv	0	0
6	FirebrewBar	2014-09-27 18:03:55	Check out a couple of our weekend specials.Pan Seared Pork Belly bites over a butternut squash puree and topped... http://t.co/9JKAZlfJDU	0	0
6	FirebrewBar	2014-09-24 11:03:56	Join us for Wine Wednesday - special discount on all wine bottle purchases (3pm-9pm). Ask your server for details.	0	0
6	FirebrewBar	2014-09-23 19:31:28	All you seasonal craft beer lover come in and check out the new Wild Wolf Howling Pumpkin! Its also Tres Tuesday... http://t.co/OOlC5a0qQ4	0	0
6	FirebrewBar	2014-09-22 11:03:33	Active duty Military, Police, Firefighters, &amp; EMT personnel receive 20% OFF their food (and non-alcoholic beverage) purchases M-F 11am-4pm.	0	0
6	FirebrewBar	2014-09-19 21:45:29	Whats for dinner? Stop by and grab yourself a Octoberfest Braised Spare Rib Sandwich, pulled and topped with a... http://t.co/I87fttmQQA	0	0
6	FirebrewBar	2014-09-17 20:41:22	Its Wine Wednesday! Come out and grab your favorite wine at FIREBREW ! #wine #winewednesday #halfprice #sivassomoma #redwine	0	0
6	FirebrewBar	2014-09-16 20:08:47	Tres Tuesdays today until 9! Come on in and enjoy a Tres Agave Margarita today or stop in a try something new on... http://t.co/CepzThbXbG	0	0
6	FirebrewBar	2014-09-14 15:08:48	Its Sunday and that means Football! We will have the Redskins game on today for all you fans! We also have... http://t.co/jnCBGAmAHV	0	0
6	FirebrewBar	2014-09-13 21:48:47	Are craving seafood tonight? Well get on out to FIREBREW and grab our dinner special! Tonight we have a Seafood... http://t.co/eV6N3HHbdi	0	0
6	FirebrewBar	2014-09-08 18:41:55	Are you part of FIREBREWS Royalty Rewards Program? Every time you come in to FIREBREW present your card and get... http://t.co/13IaKa2H5G	0	0
6	FirebrewBar	2014-09-07 17:11:16	Its Sunday which means all kids meals are only $1.99!  So come on in and grab some grub today. Kids selection... http://t.co/EWVYvssGNB	0	0
6	FirebrewBar	2014-09-01 11:00:29	Active duty Military, Police, Firefighters, &amp; EMT personnel receive 20% OFF their food (and non-alcoholic beverage) purchases M-F 11am-4pm.	0	0
6	FirebrewBar	2014-08-31 15:40:15	Thinking about lunch? Come in and enjoy a Cheddar Jack Ale Burger for only $7.99 or a Six Cheese Pizza for only... http://t.co/fDISj1CaJz	0	0
6	FirebrewBar	2014-08-29 20:30:53	Its the weekend!! Get to FIREBREW for dinner tonight! We just got some cooking up our She Crab Soup and Mamas... http://t.co/zqFCxXVywB	0	0
6	FirebrewBar	2014-08-28 19:52:33	Its Thursday so start your weekend off right at FIREBREW !! We have 10 Virginia craft beers on tap and  like... http://t.co/BLCZNcvWK8	0	0
6	FirebrewBar	2014-08-25 19:00:46	Its Double Points Monday here at FIREBREW! Come on out with your rewards cards and get double your points! While... http://t.co/cS6PvoCf3e	0	0
6	FirebrewBar	2014-08-23 20:19:58	Getting ready for the dinner rush! Still running our delicious Crab Stuffed Mahi with tomato risotto and roasted... http://t.co/DvYRPWoWq0	0	0
6	FirebrewBar	2014-08-14 19:19:48	Are you thirsty for some local brews?  Come on in for Thirsty Thursday here at FIREBREW and grab some of your... http://t.co/Q6QCcVxkYT	0	0
6	FirebrewBar	2014-08-11 11:04:33	Active duty Military, Police, Firefighters, &amp; EMT personnel receive 20% OFF their food (and non-alcoholic beverage) purchases M-F 11am-4pm.	0	0
6	FirebrewBar	2014-08-10 14:24:55	Hey folks do you know what week it is? SHARK WEEK and here at FIREBREW we have some specials for you! So stop on... http://t.co/NFp9era7GN	0	0
6	FirebrewBar	2014-08-07 18:34:47	Hey FIREBREW fans, have you seen our new tees? Stop on in and grab one for only $19.99 and support your favorite... http://t.co/m1fBnUGVi5	0	0
6	FirebrewBar	2014-07-21 14:46:13	Just added Blue Mountain Rockfish Wheat on tap. http://t.co/mbTe4E6thx	0	0
6	FirebrewBar	2014-07-18 20:59:16	Just in Blue Mountain Rockfish Wheat!  Just added this delicious Bavarian-style “Kristall Weizen” filtered wheat... http://t.co/bcD3pEqafc	0	0
6	FirebrewBar	2014-07-17 01:32:40	Just added Two Fathers King Neptune IPA on tap. http://t.co/FfFEJTkedO	0	0
6	FirebrewBar	2014-07-14 11:00:29	Active duty Military, Police, Firefighters, &amp; EMT personnel receive 20% OFF their food (and non-alcoholic beverage) purchases M-F 11am-4pm.	0	0
6	FirebrewBar	2014-07-13 16:50:51	Looking for a place to watch the WORLD CUP? Come to FIREBREW and watch the game! We will have sound on during the... http://t.co/OG7SGkrBQR	0	0
6	FirebrewBar	2014-07-12 21:25:09	What a hot day! Come chill out with the crew at FIREBREW and grab a Larrys Lemonade from the guys at  St George... http://t.co/LVo3s2qZ1O	0	0
6	FirebrewBar	2014-07-11 19:39:41	Just in today Two Father Brewing Company King Neptune IPA! On draft now! Also check out Bold Rock Hard Cider on draft while it last.	0	0
6	FirebrewBar	2014-07-10 14:43:20	Stop on in today for a quick lunch and get a 6 Cheese Pizza or a Chicken Club.  Or if you are in the mood for... http://t.co/6eXpsgjAxd	0	0
6	FirebrewBar	2014-07-03 20:38:45	Its Thursday and you know what that means! Come grab your favorite pint tonight or try something new! Check out... http://t.co/mPlL2oQAMH	0	0
6	FirebrewBar	2014-06-30 11:00:10	Active duty Military, Police, Firefighters, &amp; EMT personnel receive 20% OFF their food (and non-alcoholic beverage) purchases M-F 11am-4pm.	0	0
6	FirebrewBar	2014-06-29 15:53:47	I posted a new photo to Facebook http://t.co/FKHlBBb7WP	0	0
6	FirebrewBar	2014-06-29 14:58:43	Going to the beach today? Stop in before at FIREBREW and grab a new Summertime Kitchen Delight such as our... http://t.co/82hqpDsZeb	0	0
6	FirebrewBar	2014-06-29 06:36:40	I posted 5 photos on Facebook in the album Beach Brewing Event http://t.co/zdOZc2uKmL	0	0
6	FirebrewBar	2014-06-28 18:59:02	Thinking about whats for dinner? Well the guys in the kitchen here at FIREBREW have come up with a delicious new... http://t.co/Hb939SmVi0	0	0
6	FirebrewBar	2014-06-26 14:51:33	What are you doing for lunch? Come on in a get a Chicken Club sandwich with a side for only $7.99 or a Six Cheese... http://t.co/Ba8GuiWCEY	0	0
6	FirebrewBar	2014-06-22 18:38:55	Its Sunday Funday here at FIREBREW! Happy Hour food specials 3-6, Kids eat for only $1.99 today! Stop on in on... http://t.co/Ffd7OFBoI3	0	0
6	FirebrewBar	2014-06-19 19:49:34	Its hot out today! Get inside at FIREBREW and try a refreshing Larrys Lemonade from St George Brewing Co or... http://t.co/HRX66TmQ13	0	0
6	FirebrewBar	2014-06-16 11:00:28	Active duty Military, Police, Firefighters, &amp; EMT personnel receive 20% OFF their food (and non-alcoholic beverage) purchases M-F 11am-4pm.	0	0
6	FirebrewBar	2014-06-15 14:26:23	Happy Fathers Day to all the great dads out their! If your dad likes local craft beer come on in and check out... http://t.co/kv1o7yUWXL	1	0
6	FirebrewBar	2014-06-14 17:32:27	Just added Devils Backbone Vienna Lager bottles. http://t.co/U1e2W6mQHc	0	0
6	FirebrewBar	2014-06-13 22:09:39	Just added Young Veterans Semper FI.PA on tap. http://t.co/LETW9X3MuF	0	0
6	FirebrewBar	2014-06-13 21:09:09	Specials for this weekend!Appetizer – Creamy Crab Risotto served with grilled flat bread points. Entrees –... http://t.co/M0pjnxpyCs	0	0
6	FirebrewBar	2014-06-12 19:41:38	It Thursday and you know what that means here at FIREBREW? Stop by and enjoy some of the craft brews on draft,... http://t.co/d6Ins1EFO9	0	0
6	FirebrewBar	2014-06-09 18:55:12	Follow us @firebrewbarandgrill on instagram to view all of our delicious foods and beverages!	0	0
6	FirebrewBar	2014-06-09 16:34:11	Dont forget to stop in and have lunch or dinner today at FIREBREW and get your double points on your royalty... http://t.co/sEYsWRlpJR	0	0
6	FirebrewBar	2014-06-07 19:22:43	We also have a new addition to our Draft Beer line up! We just added Larrys Lemonade from St. George brewing! Do... http://t.co/AZOG1ZGhHq	0	0
6	FirebrewBar	2014-06-07 19:19:39	Tonight we will be serving up a delicious Stuffed Mahi Mahi. Its a fire deck roasted, crab stuffed mahi mahi... http://t.co/bXEAyMuzRh	0	0
6	FirebrewBar	2014-05-15 16:24:36	FIREBREW FANS:As you already know FIREBREW is a great place to dine and enjoy a delicious meal and refreshing... http://t.co/u1ltSI6JZX	0	0
6	FirebrewBar	2014-05-12 11:00:10	Active duty Military, Police, Firefighters, &amp; EMT personnel receive 20% OFF their food (and non-alcoholic beverage) purchases M-F 11am-4pm.	0	0
6	FirebrewBar	2014-05-10 21:37:30	Join us for Mothers Day Brunch 10am - 2pm.  Serving our regular menu plus our brunch favorites. http://t.co/QEi4SYtGcB	0	0
6	FirebrewBar	2014-05-09 17:37:56	FIREBREW Fans:  Hungry for Mothers Day Brunch or Dinner.  We are serving our regular menu all day - Sunday... http://t.co/WgX5sFohVT	0	0
6	FirebrewBar	2014-04-20 03:13:59	FIREBREW Fans.  Hungry for Easter Brunch or Dinner?  We are serving our regular menu all day - Sunday 4/20... http://t.co/wr06CwBAoP	0	0
6	FirebrewBar	2014-04-19 02:14:44	The warm weather may not be here yet, but drinking some of our great wines from our self-service wine station... http://t.co/juWvRN0uT3	0	0
6	FirebrewBar	2014-04-16 14:49:22	Just added Young Veterans New Recruit on tap. http://t.co/zy9llwZSf1	0	0
6	FirebrewBar	2014-04-16 14:48:19	Just added Young Veterans New Recruit on tap. http://t.co/2xE5Rdev0r	0	0
6	FirebrewBar	2014-04-16 14:48:16	Just added Young Veterans New Recruit on tap. http://t.co/dQSmwUFDfQ	0	0
6	FirebrewBar	2014-04-16 14:48:13	Just added OConnor El Guapo IPA on tap. http://t.co/iym23YL5By	0	0
6	FirebrewBar	2014-04-14 14:27:41	FIREBREW Fans:  Join us for Easter Brunch this Sunday 10am-2pm.  We will be offering our regular menu all day.... http://t.co/q3MIdYOfRa	0	0
6	FirebrewBar	2014-04-11 22:00:29	FIREBREW Fans:  Okay, for those who have been waiting.... We have our Philly Cheesesteak SOUP Ready for you... http://t.co/zS7hi0blCQ	0	0
6	FirebrewBar	2014-03-24 23:44:00	Just added OConnor El Guapo IPA on tap. http://t.co/1ttHyIc6rl	0	0
6	FirebrewBar	2014-03-24 23:38:07	Just added OConnor El Guapo IPA on tap. http://t.co/uJfRM0Sw4t	0	0
6	FirebrewBar	2014-03-24 22:41:58	FIREBREW FANS:While we understand some of our loyal fans really enjoy pouring their own beer from our... http://t.co/cQRVmvCKCg	0	0
6	FirebrewBar	2014-03-23 01:32:03	Check out our new Kids Eat for $1.99 Deal on Sundays.  Available for a limited time only. http://t.co/1G6KgDV4na	0	0
6	FirebrewBar	2014-03-16 20:44:05	IRISH you were here!  Now available for a limited time only -- Corned Beef and Cabbage Entree, Ruben Sandwich,... http://t.co/gehZwA4kt2	0	0
6	FirebrewBar	2014-03-06 20:17:26	FIREBREW Fans:   Today is FIREBREWs 3rd year anniversary!   As we continue to do our best to provide every guest... http://t.co/3DSIyXMnKw	0	0
6	FirebrewBar	2014-02-11 14:53:14	FIREBREW Fans:  Check out our Valentines Day specials.  These specials will be offered in addition to our... http://t.co/5GAaaR7t1M	0	0
6	FirebrewBar	2014-02-02 15:20:59	FIREBREW FANS:Were not here to start any trouble, were just here to do the Super Bowl Shuffle.  We are the... http://t.co/IFRL5bzOnG	0	0
6	FirebrewBar	2014-01-29 22:48:18	I posted a new photo to Facebook http://t.co/k1ZB5qDa6y	0	0
6	FirebrewBar	2014-01-29 22:48:18	I posted a new photo to Facebook http://t.co/EZwgd9PEFj	0	0
6	FirebrewBar	2014-01-29 22:48:18	Gonsior Girls reported to work and it was closed. But the patio was open. So we had sangria.	0	0
6	FirebrewBar	2014-01-29 17:20:41	Bartender for the day. http://t.co/hEY2nAUK4L	0	0
6	FirebrewBar	2014-01-29 17:01:09	FIREBREW Fans:Earn a FREE APPETIZER. The first 20 people to post a creative photo or video to our Facebook page... http://t.co/sKgE6mG6Sf	0	0
6	FirebrewBar	2014-01-29 17:01:09	I posted a new photo to Facebook http://t.co/P8MSxBLzKm	0	0
6	FirebrewBar	2014-01-29 17:01:08	I posted a new photo to Facebook http://t.co/czWp9I02Pk	0	0
6	FirebrewBar	2014-01-29 15:43:04	TEAM FIREBREW:I guess I spoke too soon -- I forgot we are in Virginia Beach and not Chicago.  Chicago would have... http://t.co/mlG9BpShS5	0	0
6	FirebrewBar	2014-01-29 14:40:35	FIREBREW FANS:  LUNCH ON THE PATIO TODAY?Just kidding, we will be closed for lunch today but opening for WINE... http://t.co/mBeZGQrEaz	0	0
6	FirebrewBar	2014-01-22 19:23:56	Dont let the snow scare you away.  Join us for dinner at FIREBREW and enjoy WINE WEDNESDAY - 1/2 OFF all full... http://t.co/icZ7gMpm5R	0	0
6	FirebrewBar	2014-01-19 22:26:24	FIREBREW Fans:Due to overwhelming response to our Restaurant Week Specials (two course lunch meal for $10 and... http://t.co/lP7xN1h6c9	0	1
6	FirebrewBar	2014-01-16 18:13:08	Just added Young Veterans New Recruit on tap. http://t.co/L81LjJplOx	0	1
6	FirebrewBar	2014-01-16 18:13:06	Just added Redds Apple Cider on tap. http://t.co/qXgNKCyNY9	0	0
6	FirebrewBar	2014-01-16 18:13:04	Just added Flying Dog Oyster Stout on tap. http://t.co/ze1buwqdI2	0	1
6	FirebrewBar	2014-01-16 18:09:32	Just added Foothills Hoppyum IPA on tap. http://t.co/2Dt300Yrrh	0	0
6	FirebrewBar	2014-01-14 20:47:52	FIREBREW Fans:Virginia Beach Restaurant Week is underway.  Come on in and check out our $10 two course lunch... http://t.co/TtmaFT89gL	1	1
6	FirebrewBar	2014-01-08 18:45:47	FIREBREW Fans:Check out our two course lunch deals for $10 and three course Dinner deals for $20 during Virginia... http://t.co/S7wL2LUucx	1	0
6	FirebrewBar	2014-01-06 00:50:08	FIREBREW Fans:Thanks for all the likes on my last posting.  Looks like Sue and I earned a day off this Tuesday - thank you!	0	0
6	FirebrewBar	2014-01-02 22:57:29	FIREBREW Fans:Why does it feel like a Monday? Hmmm. My wife (Sue) says I can have a day off next week if I get... http://t.co/cXQKXtI0Wn	0	0
6	FirebrewBar	2014-01-01 16:49:48	FIREBREW Fans:Thanks for a fantastic year.  2013 is in the books and we are really excited about whats to come... http://t.co/L2zhH28XwV	1	0
6	FirebrewBar	2013-12-31 14:44:33	Come Join Us For New Years Eve Or New Years Day ;) http://t.co/tm6huHSNXx	0	0
6	FirebrewBar	2013-12-30 23:14:40	Looking for a great dining experience this New Years Eve or Day?  Check out our special menu exclusively for New... http://t.co/StqUtbpZaU	0	0
6	FirebrewBar	2013-12-24 17:57:05	FIREBREW Fans:  Sue and I would like to wish all our dedicated and hard working team members AND our loyal... http://t.co/ltsvTLH48x	0	0
6	FirebrewBar	2013-12-13 20:11:53	I posted a new photo to Facebook http://t.co/ldIe6uBMf0	0	0
6	FirebrewBar	2013-12-10 21:52:38	FIREBREW Fans:Dont let the rain/cold weather keep you from enjoying a few ice cold beers or delicious meal... http://t.co/Qe9hm3I4zY	0	0
6	FirebrewBar	2013-12-05 17:29:24	FIREBREW Fans:As true FIREBREW Fans, you know Sue and I and every member of our FIREBREW team take pride in... http://t.co/zt6hPLdURY	0	0
6	FirebrewBar	2013-11-30 23:48:46	FIREBREW Fans:  We will be closing early on Sunday 12/1/13 for private function.  Last open seating will be at... http://t.co/eacM4ahzY8	0	0
6	FirebrewBar	2013-11-30 14:37:51	Support your local businesses for Small Business Saturday.  FIREBREW is locally owned and operated by Dean and... http://t.co/MAPrH8b8dC	0	0
6	FirebrewBar	2013-11-28 16:56:37	Just added Young Veterans New Recruit on tap. http://t.co/MOVCdDlZrD	0	0
6	FirebrewBar	2013-11-28 16:56:33	Just added Boulevard Unfiltered Wheat Beer on tap. http://t.co/G472KE9Adq	0	0
6	FirebrewBar	2013-11-22 14:20:45	Check out our supplemental Holiday Menu items being offered starting 4pm today through the holidays.  YUMMY! http://t.co/KFNECGx1ri	0	0
6	FirebrewBar	2013-11-12 19:17:18	Thanks to ALL our LOYAL FIREBREW Fans!  We truly enjoy serving each and every guest and do our best to provide... http://t.co/LwtCJg8I9L	0	0
6	FirebrewBar	2013-11-11 14:49:47	FIREBREW Fans:  Thanks to those who proudly serve our country. All active and retired military can dine at... http://t.co/F3XbBiOIk0	0	0
6	FirebrewBar	2013-11-08 20:01:06	FIREBREW Fans:  Todays Soup of the day - Cream of Broccoli and beef.  Of course we also have our daily She Crab... http://t.co/FiTJZVOjf4	0	0
6	FirebrewBar	2013-10-29 18:48:24	FIREBREW Fans:  Thanks for all your support during Virginia Beachs Wine &amp; Craft Beer Week (last week).  We... http://t.co/iV9F0pe37G	0	0
6	FirebrewBar	2013-10-24 19:25:02	Just added New Belgium Winter Seasonal: Accumulation on tap. http://t.co/Cb9xKRwUb1	0	0
6	FirebrewBar	2013-10-21 14:22:10	Join us for VA Beachs Wine &amp; Craft Beer Weeek 10-21 thru 10-27. Check out our special $35 pairing menu ($25... http://t.co/bq3EkKLpQW	0	0
6	FirebrewBar	2013-10-21 14:20:04	Join us for VA Beachs Wine &amp; Craft Beer Weeek 10-21 thru 10-27.  Check out our special $25 pairing menu ($35... http://t.co/gmvFgexyhC	0	0
6	FirebrewBar	2013-10-16 13:02:26	FIREBREW Fans:  Sorry, our website has been down for a few days due to a Domain issue.  We are working to... http://t.co/OBstEXhZRN	0	0
6	FirebrewBar	2013-10-07 21:25:15	Normally, I wouldnt use our Facebook page to post any personal info -- but I cant resist.  Sue and I (Dean)... http://t.co/LFD7dM69WN	0	0
6	FirebrewBar	2013-09-23 13:04:30	Hungry for lunch?  Try our Margherita Pizza -- only $6.99 during lunch and happy hour (11am-6pm) EVERYDAY! http://t.co/BBsrL0P8hn	0	0
6	FirebrewBar	2013-09-22 15:55:55	Bring the family in for lunch or dinner today.  Kids EAT FREE with each adult meal purchase every Sunday (all day)... http://t.co/0DbjvHqA0V	0	0
6	FirebrewBar	2013-09-21 20:32:23	A big thank you to all our loyal customers. We appreciate your loyal support and referring FIREBREW Bar &amp; Grill... http://t.co/Yoelx5zcAk	0	0
6	FirebrewBar	2013-09-17 16:54:51	Join us for lunch at FIREBREW.   We have several great $6.99 daily lunch deals available 11am-3pm.  Six Cheese... http://t.co/MLyqSgkfDC	0	0
6	FirebrewBar	2013-09-15 03:43:25	Just added Young Veterans Pineapple Grenade on tap. http://t.co/HOx7PBHtPv	0	0
6	FirebrewBar	2013-09-15 03:43:08	Just added Young Veterans Even Keel Pale Ale on tap. http://t.co/6RueIfTy7X	0	0
6	FirebrewBar	2013-09-15 03:42:19	Just added Young Veterans Pineapple Grenade on tap. http://t.co/ZV11PhMSss	0	0
6	FirebrewBar	2013-08-29 20:07:25	Just wanted to give a shout out to our top ten Royalty Rewards Loyalty Program members.  The following... http://t.co/f4GI1YF0tM	0	0
6	FirebrewBar	2013-08-20 19:34:13	Based on customer feedback, we are in the process of changing out some of our draft/bottle beers.  Please click... http://t.co/GEK6TvUG8j	0	0
6	FirebrewBar	2013-08-19 18:32:35	Join us for DOUBLE POINTS MONDAY! All Royalty Rewards members receive double points on entire meal purchase... http://t.co/BBrCJuFwzn	0	0
6	FirebrewBar	2013-08-18 16:24:41	FIREBREW Fans:  Join us for lunch or dinner today (Sunday).  Kids (12 and under) EAT FREE with each adult meal purchase.  Yum Yum!	0	0
6	FirebrewBar	2013-08-17 19:16:25	Just added Smartmouth Alter Ego Saison on tap. http://t.co/1V5M6VboVO	0	0
6	FirebrewBar	2013-08-17 19:08:13	Just added The Just Beer Project Just IPA on tap. http://t.co/YqWcIiCi2Y	0	0
6	FirebrewBar	2013-08-17 19:04:28	Just added Budweiser bottles. http://t.co/md95cKqdd5	0	0
6	FirebrewBar	2013-08-17 19:01:25	Just added Breckenridge Vanilla Porter on tap. http://t.co/MecfByZyFW	0	0
6	FirebrewBar	2013-08-05 14:59:05	MORE SHARK WEEK SPECIALS! http://t.co/0C3L5ortIM	0	0
6	FirebrewBar	2013-08-05 14:57:51	SHARK WEEK SPECIALS @ FIREBREW! http://t.co/kFxE20SmxX	0	0
6	FirebrewBar	2013-08-03 20:40:52	Great job to Chef Ken (our Head Chef) and Chef Ross (Our Sous Chef) and the rest of our culinary team - looks... http://t.co/ju62SRtArt	0	0
6	FirebrewBar	2013-08-01 20:44:55	Come celebrate National IPA day a day early! Specials on draft beer until 9pm! We have Beach Brewings Hammerhead... http://t.co/aGC1N39iAN	0	0
6	FirebrewBar	2013-07-30 13:46:11	Check out our new menu.  Weve added some delicious new menu items based on your feedback on our weekly specials.... http://t.co/gtLZJGJ02u	0	0
6	FirebrewBar	2013-07-29 15:09:58	Join us for DOUBLE POINTS MONDAY! All Royalty Rewards members receive double points on entire meal purchase... http://t.co/wD0OFmOFNr	0	0
6	FirebrewBar	2013-07-21 02:09:53	Make Sunday a family day at FIREBREW Bar &amp; Grill -- Kids (12 and under) EAT FREE* with each adult meal purchase... http://t.co/vPAesgXLsb	0	0
6	FirebrewBar	2013-07-15 12:00:25	Join us for DOUBLE POINTS MONDAY! All Royalty Rewards members receive double points on entire meal purchase... http://t.co/7zOWVATH0s	0	0
6	FirebrewBar	2013-07-12 02:35:23	Does FIREBREW have the best fans, or what?  Check out this wonderful school assignment paper written by one of... http://t.co/VtzrS6RdCJ	0	0
6	FirebrewBar	2013-07-09 15:32:46	Its all that we have! http://t.co/Fc5DCblcLp	0	0
6	FirebrewBar	2013-07-08 15:54:32	FIREBREW Fans:  Join us for DOUBLE POINTS MONDAY!  All Royalty Rewards members receive double points on entire... http://t.co/XDu12c32Fc	0	0
6	FirebrewBar	2013-07-08 15:25:13	Hey, people! Check out our video just in case you have not seen it yet. Its no fun if you keep it to yourself... http://t.co/JxildZ3cg6	0	0
6	FirebrewBar	2013-07-05 20:17:08	Its Friday! Celebrate the return of the weekend at Firebrew today! http://t.co/VXr3N10g2F	0	0
6	FirebrewBar	2013-07-04 22:04:47	Join us for dinner before the Fireworks.  Weve got She Crab Soup AND its Thirsty Thursday.  Swing in for a Brew today!	0	0
6	FirebrewBar	2013-07-04 15:41:37	Celebrate Independence Day at Firebrew! http://t.co/9VdpJ9W1Da	0	0
6	FirebrewBar	2013-07-03 14:05:45	Not quite as bad as Monday and not half as great as Friday, but your Wednesday attitude can be turned around when... http://t.co/VDJRobTRDK	0	0
6	FirebrewBar	2013-07-02 15:05:49	Our scrumptious Italian Flatbread Pizza will put a smile on your face! http://t.co/1dQanEmIVA	0	0
6	FirebrewBar	2013-07-01 15:12:05	Take on hunger with Firebrew at your side! http://t.co/oOMrAT3kTo	0	0
6	FirebrewBar	2013-06-28 14:03:51	Take on Hunger with Firebrew BBQ Chicken Pizza at your side! Tequila mango BBQ sauce, chicken, caramelized... http://t.co/UeylX4z69g	0	0
6	FirebrewBar	2013-06-27 15:33:23	Have you tried our Six Cheese Pizza? http://t.co/MAgvjCLi2s	0	0
6	FirebrewBar	2013-06-26 16:03:24	Planning for dinner? Try our FireBrew Flatbread.Served with Spinach artichoke spread, corn, black beans,... http://t.co/32ej5oDW8B	0	0
6	FirebrewBar	2013-06-25 15:03:24	Our Firebrews French Onion Soup is the best around. Classic with caramelized onions, rich beef broth, red... http://t.co/YBRcHNiDmB	0	0
6	FirebrewBar	2013-06-24 17:11:04	Our Margherita Pizza makes for the perfect lunch! Served with extra virgin olive oil, pesto sauce, tomatoes,... http://t.co/u2zrZ4BB7z	0	0
6	FirebrewBar	2013-06-21 16:25:15	Happy Friday! http://t.co/OPHQizaeSU	0	0
6	FirebrewBar	2013-06-20 15:46:31	Cheers! http://t.co/76wc20NMrH	0	0
6	FirebrewBar	2013-06-19 22:52:37	Check out our newest draft beer at FIREBREW:Just Beer Projects Just IPA  (Cincinnati, OH)It’s not... http://t.co/a8qod503tC	0	0
6	FirebrewBar	2013-06-19 22:42:14	Come check out Just IPA :) http://t.co/7KBL8PBAp1	0	0
6	FirebrewBar	2013-06-19 14:39:45	Happy Wednesday! Come on in today and let us do the cooking (and the cleaning) for you tonight! http://t.co/JJjTF4SJ15	0	0
6	FirebrewBar	2013-06-18 20:20:03	Nothing beats a cold beer on a hot day! http://t.co/KjhsAigaKq	0	0
6	FirebrewBar	2013-06-17 17:10:04	Have you seen our video yet? If not, take a peek! http://t.co/h5ktw0EaGs	0	0
6	FirebrewBar	2013-06-14 16:11:04	We know that dad is your personal super hero. Treat him to a delicious dinner with us on his special day! http://t.co/HloYy80lE9	0	0
6	FirebrewBar	2013-06-13 15:08:59	We have a wide selection of beer. At Firebrew, your glass will never be empty! http://t.co/89VEfp9gSV	0	0
6	FirebrewBar	2013-06-12 15:09:10	What is your absolute favorite dish to enjoy at Firebrew?	0	0
6	FirebrewBar	2013-06-11 17:03:49	To see our menu, testimonials or to find out about our Loyalty Program visit our Menus &amp; Specials button today! http://t.co/yQQzA4vmCA	0	0
6	FirebrewBar	2013-06-10 15:37:12	Searching for a way to sweeten up your Monday? Look no further! Here at Firebrew we have a variety of delicious... http://t.co/KfMU9N2I3X	0	0
6	FirebrewBar	2013-06-08 02:49:07	Come join us at Firebrew! http://t.co/4jnwYSfD47	0	0
6	FirebrewBar	2013-06-08 02:47:44	FIREBREW Fans:  Check out our new video which will be running on THE RESTAURANT Channel (Cox channel 124) (daily... http://t.co/mPaqR887Nf	0	0
6	FirebrewBar	2013-06-07 14:14:14	Date night, family night out, the celebration of a big event. Where ever your weekend finds you, we hope youll... http://t.co/co3LFjDB4Q	0	0
6	FirebrewBar	2013-06-06 16:05:44	Its almost Friday! Hang in there! http://t.co/klAyUkIWKo	0	0
6	FirebrewBar	2013-06-05 16:14:24	Flat Iron Steak? The perfect choice for dinner!8 oz. flat iron steak, sliced thin and served with sautéed... http://t.co/7yWRW79JWE	0	0
6	FirebrewBar	2013-06-04 17:43:21	A cold beer on a hot day? Simple Perfection! http://t.co/sHqsTKj9tA	0	0
6	FirebrewBar	2013-06-03 17:28:40	Celebrate the return of June with us. A delicious plate of food and a cold drink is a perfect way to welcome the... http://t.co/KnqIEwwNVp	0	0
6	FirebrewBar	2013-05-31 15:52:54	Its Friday! Celebrate the return of the weekend at Firebrew today! http://t.co/QjoRibMrNl	0	0
6	FirebrewBar	2013-05-30 15:37:56	Click Like if youre craving a delicious meal from Firebrew Bar &amp; Grill right now!	0	0
6	FirebrewBar	2013-05-29 15:21:48	Hungry? Good! Join us today for a crisp Chicken ClubGrilled chicken breast, Swiss cheese, bacon, lettuce,... http://t.co/maMR188Mf1	0	0
6	FirebrewBar	2013-05-28 15:47:13	Today is National Hamburger Day! Grab a friend and head on over to Firebrew to celebrate with one of our... http://t.co/lP8mBpgvq1	0	0
6	FirebrewBar	2013-05-24 16:29:38	**Attention FIREBREW Fans!** The Restaurant Channel will be filming us tonight at FIREBREW (Friday 5/24... http://t.co/2PSOcK79Pp	0	0
6	FirebrewBar	2013-05-23 22:04:58	FIREBREW Fans!  The Restaurant Channel will be filming us tomorrow night at FIREBREW (Friday 5/24 6-8pm).  Come... http://t.co/fRO1KibVCs	0	0
6	FirebrewBar	2013-05-23 16:33:38	A delicious meal awaits you at Firebrew! http://t.co/evXlKU0kqN	0	0
6	FirebrewBar	2013-05-22 16:19:39	A cold beer tastes better when its warm outside. Click Like if you agree! http://t.co/UUNEPVanBF	0	0
6	FirebrewBar	2013-05-21 21:10:15	Grilled Ahi Tuna? The perfect option for dinner!Grilled over an open flame to desired temperature, served on... http://t.co/ZTKjvcJ18W	0	0
6	FirebrewBar	2013-05-20 16:23:23	Are you a loyal friend to Firebrew? If so, be sure to join our Loyalty Rewards program by clicking the link... http://t.co/OxoBOmtUUt	0	0
6	FirebrewBar	2013-05-17 16:20:12	Good news? Its Friday. Better news? We have an ice cold beer with your name on it! http://t.co/kqZvhif3JL	0	0
6	FirebrewBar	2013-05-16 20:01:23	Join us at Firebrew for something delicious today! Our Firebrew Dip will satisfy any appetite. Slow roasted... http://t.co/wPFxgnfoxG	0	0
6	FirebrewBar	2013-05-15 16:10:12	Some research shows that eating at Firebrew can actually make your week go by faster! Cant argue with... http://t.co/p4NpjZwDkt	0	0
6	FirebrewBar	2013-05-14 16:06:08	Fill in the blank: If you are what you eat, after a meal at Firebrew Im __________.	0	0
6	FirebrewBar	2013-05-13 16:01:07	Join us for an ice cold glass of wine today! http://t.co/kdV5Jm1eOR	0	0
6	FirebrewBar	2013-05-10 16:19:04	Celebrate Mothers Day at Firebrew! She deserves it. http://t.co/qN3GNQpQe2	0	0
6	FirebrewBar	2013-05-09 17:33:40	Are you a loyal customer at Firebrew? Start getting rewarded for it! Click the link below to find out more! http://t.co/Dtw7toCtHR	0	0
6	FirebrewBar	2013-05-09 01:27:14	Announcing Our New Royalty Rewards Loyalty Program http://t.co/wx2gjX32bo http://t.co/qEMuKH5AU9	0	0
6	FirebrewBar	2013-05-08 15:53:39	Come in for a cold one today! http://t.co/HeY4kS5mso	0	0
6	FirebrewBar	2013-05-07 16:23:40	This pizza has not one, two or even three types of cheeses. Our Six Cheese Pizza will wow your taste buds!... http://t.co/0Dkn8Ln4Vy	0	0
6	FirebrewBar	2013-05-06 17:39:19	Make your Monday sweet at Firebrew Bar &amp; Grill!! http://t.co/Z1NMCjOUsd	0	0
6	FirebrewBar	2013-05-05 15:26:10	Want to avoid all the craziness at Mexican restaurants today.  Come dine with us at FIREBREW and enjoy a nice,... http://t.co/r1hzyQVkG0	0	0
6	FirebrewBar	2013-05-05 15:16:59	Happy Cinco De Mayo!  Join us for brunch today.  Brunch served 10am-2pm. Omelets, eggs, Belgium waffles,... http://t.co/m5M4x1jVu8	0	0
6	FirebrewBar	2013-05-03 18:59:55	At dinner time draws closer, what are YOU craving from Firebrew Bar &amp; Grill?	0	0
6	FirebrewBar	2013-05-02 20:13:23	Our BBQ Bacon Wrapped Shrimp dinner is phenomenal! Seven large shrimp wrapped in bacon and baked in our Fire... http://t.co/H9Aw1nyTqL	0	0
6	FirebrewBar	2013-05-01 20:34:31	A great time, a good meal and a friendly face is waiting for you at Firebrew today! http://t.co/CjOLZoIo3i	0	0
6	FirebrewBar	2013-04-30 20:35:19	Check out our Menus and Specials for Daily Specials and to take a look at our amazing beer selection! http://t.co/93SD2ylxF8	0	0
6	FirebrewBar	2013-04-29 19:42:31	I posted a new photo to Facebook http://t.co/cPZQu1Aduy	0	0
6	FirebrewBar	2013-04-26 15:40:15	Yes! Its Friday! http://t.co/FX3eTM6WoK	0	0
6	FirebrewBar	2013-04-25 15:46:55	Yum! Our Chicago Southside Pizza is incredible.Pizza sauce, Italian sausage, pepperoni, mushrooms, onions, red... http://t.co/fUdPqCCjHB	0	0
6	FirebrewBar	2013-04-24 20:27:48	We can hear your stomach from here! Dont worry weve got something for everyone at Firebrew Bar &amp; Grill! http://t.co/KnA9MEfuFP	0	0
6	FirebrewBar	2013-04-23 20:21:15	If you were at Firebrew Bar &amp; Grill right now what would you order?	0	0
6	FirebrewBar	2013-04-22 20:34:34	You have to try our amazing Grilled Shrimp Salad!Romaine lettuce blended with mixed greens, grilled shrimp,... http://t.co/TyFaqrW7NN	0	0
6	FirebrewBar	2013-04-19 18:48:29	Happy Friday! Join us today to celebrate the return of the weekend. http://t.co/BP4GFae5mG	0	0
6	FirebrewBar	2013-04-18 15:39:21	Firebrew is delicious for the entire family! Bring the kids in for dinner tonight. http://t.co/femzhQiMxW	0	0
6	FirebrewBar	2013-04-17 16:28:26	Go green, go healthy! Try our Caesar Salad today on your lunch break!Romaine lettuce, tomatoes, parmesan... http://t.co/6zueEg5byS	0	0
6	FirebrewBar	2013-04-16 15:25:17	Nothing compliments a perfectly prepared meal quite like a chilled glass of wine! What is your favorite Food &amp;... http://t.co/mJPKfDtiX4	0	0
6	FirebrewBar	2013-04-15 17:36:15	Our scrumptious Lemon Pecan Salmon will put a smile on your face!Atlantic farm raised salmon baked in our Fire... http://t.co/sKWWNn4296	0	0
6	FirebrewBar	2013-04-12 17:15:00	FireBrew Flatbread? Yep, its a winner!Spinach artichoke spread, corn, black beans, tomatoes, and our house... http://t.co/Zz1UQgUObo	0	0
6	FirebrewBar	2013-04-11 17:52:31	Hungry? Devour our BBQ Chicken Pizza!!Tequila mango BBQ sauce, grilled chicken, caramelized onions, mild... http://t.co/k7PmJNVCB8	0	0
6	FirebrewBar	2013-04-10 17:51:12	I posted a new photo to Facebook http://t.co/Nee8rzWHij	0	0
6	FirebrewBar	2013-04-09 20:34:08	Wow! Six Cheese Pizza!Pizza sauce, mozzarella, provolone, Romano, mild cheddar, Monterey jack, and parmesan... http://t.co/Yjx6rNUewp	0	0
6	FirebrewBar	2013-04-08 17:40:31	Firebrew Crab Cakes are a hit!Two of our delicious 4oz. crab cakes baked in our Fire Deck oven. Served on a... http://t.co/A6bFX8JOud	0	0
6	FirebrewBar	2013-04-06 14:34:34	Come join us for Brunch Saturday &amp; Sundays from 10am- 2pm ☀	0	0
6	FirebrewBar	2013-04-05 17:35:02	What could make your Friday better? A trip to Firebrew Bar &amp; Grill! http://t.co/AOdiVFd5b9	0	0
6	FirebrewBar	2013-04-04 17:32:30	Our delicious Grilled Ahi Tuna is perfect!Grilled over an open flame to desired temperature, served on top of... http://t.co/JVqGRTFD9W	0	0
6	FirebrewBar	2013-04-03 17:00:43	A chilled glass of wine and a perfectly prepared meal? That sounds like a great Wednesday at Firebrew! http://t.co/Tj3D0FFrLk	0	0
6	FirebrewBar	2013-04-02 20:26:08	Start you meal off right with our amazing Spinach &amp; Artichoke DipSpinach, artichokes, and cream cheese,... http://t.co/qfmF3i3nE7	0	0
6	FirebrewBar	2013-04-01 20:42:17	Perfect way to fight cavities and hunger? http://t.co/jLbtRJRBsV	0	0
6	FirebrewBar	2013-03-31 12:41:22	Here is page 2 of our Easter Brunch Menu. http://t.co/BSzMCoEi50	0	0
6	FirebrewBar	2013-03-31 12:40:49	Happy Easter to all our loyal FIREBREW Fans and their families.  Join us for Easter Brunch 10am-2pm today!  Fresh... http://t.co/VTSrdyGkIi	0	0
6	FirebrewBar	2013-03-29 17:06:47	The Firebrew Dip is perfection on a French roll! Try one today.Slow roasted round of eye beef, topped with... http://t.co/tWuWHDaWXK	0	0
6	FirebrewBar	2013-03-28 20:59:24	Come in for dinner today! Check our our menu and specials by clicking the link below. Dont forget to take a... http://t.co/aEJZ99peiS	0	0
6	FirebrewBar	2013-03-27 16:19:56	Join us for Easter Brunch this Sunday 3/31/13 from 10am-2pm!For those hungry for lunch items, we will have... http://t.co/FVmRmL63EX	0	0
6	FirebrewBar	2013-03-27 16:19:00	FIREBREW Fans -- Join us for Easter Brunch this Sunday 3/31/13 from 10am-2pm.  We will be serving all your... http://t.co/qOIQBSNX7g	0	0
6	FirebrewBar	2013-03-26 20:50:57	Let us take care Brunch on Sunday!Join us for Easter Brunch at FIREBREW - 10am - 2pm.Hop on over and let... http://t.co/KyXm7nyBuH	0	0
6	FirebrewBar	2013-03-25 21:28:40	Click Like if you wish you were at Firebrew Bar and Grill right now!	0	0
6	FirebrewBar	2013-03-22 20:48:24	I posted a new photo to Facebook http://t.co/EuvvNdhAiQ	0	0
6	FirebrewBar	2013-03-22 20:47:58	I posted a new photo to Facebook http://t.co/RvQXiHHouG	0	0
6	FirebrewBar	2013-03-22 20:47:41	Join us for this weekends specials.   Tuna Caprese, Chicken and Shrimp Carbonara, Center Cut Lamb Loin Chops,... http://t.co/SEJ5Jb0c0q	0	0
6	FirebrewBar	2013-03-22 18:50:04	Just in case you missed it... http://t.co/WoDy9lRfud	0	0
6	FirebrewBar	2013-03-21 21:49:27	What do you like best about Firebrew? The amazing entrees? The great service?We would love to hear from you!!!	0	0
6	FirebrewBar	2013-03-20 21:14:50	Join us tonight for an amazing dinner!  Perhaps our delicious Grilled Ahi Tuna... http://t.co/0rkiePumxb	0	0
6	FirebrewBar	2013-03-19 18:22:47	Today is National Poultry Day!Celebrate by trying our fantastic Chicken Teriyaki: Marinated chicken breast... http://t.co/NSrEZaoei9	0	0
6	FirebrewBar	2013-03-18 22:41:34	We hope everyone had a fun and safe St. Patricks Day! We had some awesome Corned Beef and Cabbage plus Irish... http://t.co/dzJzF3foBJ	0	0
6	FirebrewBar	2013-03-15 20:53:34	Join us this weekend for some great specials like Irish Beef Stew and Corned Beef and Cabbage!!! http://t.co/QwMOXk7xIU	0	0
6	FirebrewBar	2013-03-14 22:17:23	Yes, we will have Irish Beef Stew and Corned Beef and Cabbage this weekend (sorry no pictures available yet).... http://t.co/icFzq8GfhZ	0	0
6	FirebrewBar	2013-03-14 22:11:50	Or how about our Grilled Lemon &amp; Thyme chicken breasts over tomato and parmesan risotto, served with grilled... http://t.co/GVGyKDIv1Z	0	0
6	FirebrewBar	2013-03-14 22:07:46	FIREBREW Fans! We have some great specials this weekend - How about some nice Salmon and Spinach Cakes with... http://t.co/p9HblQx7VS	0	0
6	FirebrewBar	2013-03-13 23:11:54	You cant miss with this amazing dish... our fantastic Firebrew Crab Cakes!!! http://t.co/eJS7UYXZMd	0	0
6	FirebrewBar	2013-03-12 21:37:07	Regardless if you have been visiting for months or you are a first time guest, FIREBREW’s friendly staff will make... http://t.co/E35ZkggH0L	0	0
6	FirebrewBar	2013-03-11 21:27:26	Get over the Mondays with a fantastic dinner at Firebrew!!Come down for a great Sandwich like a Chicken Club... http://t.co/oTQx7cgf1S	0	0
6	FirebrewBar	2013-03-09 00:33:54	What will you be doing tonight?  You will come in for drinks at Firebrew tonight... because we said so ;) http://t.co/qfQTuHCztd	0	0
6	FirebrewBar	2013-03-07 16:08:30	I posted a new photo to Facebook http://t.co/bKzYvLA2BX	0	0
6	FirebrewBar	2013-03-06 22:43:57	Click Like if you are in the mood for our fantastic Lemon Pecan Salmon!!! http://t.co/v9UFIgzAZD	0	0
6	FirebrewBar	2013-03-04 21:55:40	Try our delicious Flat Iron Steak!  8 oz. flat iron steak, sliced thin and served with sautéed mushrooms, seasonal... http://t.co/Cs3KIZUruT	0	0
6	FirebrewBar	2013-03-01 22:07:16	I posted a new photo to Facebook http://t.co/V2QY5TFvIy	0	0
6	FirebrewBar	2013-02-28 16:48:04	Come join us for dinner tonight! Try our delectable Flat Iron Steak!Youll love the taste of an 8 oz. flat... http://t.co/NFwLMi1TWq	0	0
6	FirebrewBar	2013-02-27 21:20:32	A great way to start out any meal at Firebrew is with our Spinach and Artichoke Dip! http://t.co/fJhSywoP7o	0	0
6	FirebrewBar	2013-02-26 21:59:02	Whats your favorite thing too order on our menu?	0	0
6	FirebrewBar	2013-02-25 20:15:53	What is the best way to cure your Monday blues? Enjoying our Firebrew Crab Cakes! Come on by tonight! http://t.co/qWTNsf8Oy4	0	0
6	FirebrewBar	2013-02-22 19:03:17	If you havent tried our French Onion Soup, nows the time! Come by tonight and taste this classic with... http://t.co/g2Nmmj8cvD	0	0
6	FirebrewBar	2013-02-21 18:08:07	I posted a new photo to Facebook http://t.co/xh1O2ttCNZ	0	0
6	FirebrewBar	2013-02-20 18:01:33	Insert Beer in place of a word in your favorite movie title or quote!And go!!!! http://t.co/DqA3ixQh	0	0
6	FirebrewBar	2013-02-19 18:15:38	Who is craving Firebrew Flatbread? Click Like if you are! http://t.co/WM7x2Jhr	0	0
6	FirebrewBar	2013-02-18 20:39:44	Happy Presidents Day! If youre enjoying the day off from work, come to Firebrew and enjoy it a little more!!!! http://t.co/ru1FlMWL	0	0
6	FirebrewBar	2013-02-17 16:06:35	KIDS EAT FREE at FIREBREW Bar &amp; Grill http://t.co/ufMdKJ9r http://t.co/4Z7BuBSI	0	0
6	FirebrewBar	2013-02-15 16:39:14	That moment when you take your first bite of our BBQ Chicken Pizza... http://t.co/BjDw4NvK	0	0
6	FirebrewBar	2013-02-14 15:11:10	Happy Valentines Day! http://t.co/nZ7I2RdK	0	0
6	FirebrewBar	2013-02-14 15:10:44	Check out our special menu for today! http://t.co/iM4KlUvN	0	0
6	FirebrewBar	2013-02-13 17:51:16	Firebrew = Love! Join us for Valentines Day tomorrow! http://t.co/zjqXbJpF	0	0
6	FirebrewBar	2013-02-12 17:55:53	Nothing says I love you better than a delectable meal at Firebrew! Join us for Valentines Day and show your... http://t.co/cLNpNpDv	0	0
6	FirebrewBar	2013-02-11 16:29:27	I posted a new photo to Facebook http://t.co/AHVDET2o	0	0
6	FirebrewBar	2013-02-08 19:32:40	I posted a new photo to Facebook http://t.co/2mInS2bP	0	0
6	FirebrewBar	2013-02-08 17:09:24	FIREBREW Fans:  Looking for a refreshing fruit beer?  We now have Abitas Purple Haze Raspberry Wheat beer. $4.50... http://t.co/1tRzXV7n	0	0
6	FirebrewBar	2013-02-07 17:12:53	Did you know that Active Duty Military, Police, Fire, &amp; EMT personnel receive a 20% discount on THEIR meals... http://t.co/SxYl7gxZ	0	0
6	FirebrewBar	2013-02-06 18:36:35	FIREBREW Bar &amp; Grill http://t.co/9LatF0nj http://t.co/4MWEOEkn	0	0
6	FirebrewBar	2013-02-06 18:23:57	Whats your favorite Firebrew menu item????	0	0
